{"stats":{"minecraft:used":{"duneons:deserttemplebricksandwooden":5,"minecraft:water_bucket":18,"minecraft:mossy_stone_bricks":1,"minecraft:light_blue_stained_glass_pane":2,"minecraft:iron_bars":1,"minecraft:red_sand":2,"minecraft:brick_wall":2,"minecraft:light_gray_stained_glass_pane":13,"duneons:lamppostdown":1,"minecraft:birch_planks":5,"moa_decor_bath:esp_nder":1,"moa_decor_bath:llavesderegadera":1,"duneons:housecarpet":3,"securitycraft:keypad_chest":4,"minecraft:redstone":1,"minecraft:jungle_fence":1,"minecraft:oak_planks":159,"minecraft:andesite_slab":1,"minecraft:mossy_stone_brick_stairs":10,"fantasyfurniture:nordic/desk_left":1,"securitycraft:keypad_door_item":1,"minecraft:quartz_stairs":33,"minecraft:bell":1,"lightmanscurrency:vending_machine_large":1,"luphieclutteredmod:luphie_darkwood_souther_flair_bed":3,"yuushya:ceiling_vine_flowering":1,"moa_decor_bath:inodoro":4,"minecraft:smooth_quartz_stairs":10,"moa_decor_bath:c_trojas":1,"duneons:redgoldvangardcarpet":3,"yuushya:oak_tall_door":1,"yuushya:modern_lamp_2":1,"fantasyfurniture:dunmer/bed_double":1,"duneons:highlandlampwood":1,"cwsr:cyan_sword":1,"minecraft:apple":4,"smallships:jungle_brigg":1,"luphieclutteredmod:stainedglasslamp":1,"minecraft:end_stone":2,"minecraft:glass":4,"minecraft:jungle_trapdoor":2,"minecraft:painting":3,"moa_decor_bath:toallanaranjacolg":2,"minecraft:warped_pressure_plate":2,"moa_decor_lights:vt_nacacia":1,"minecraft:snowball":427,"minecraft:shroomlight":6,"minecraft:milk_bucket":1,"moa_decor_bath:esp_n":5,"moa_decor_bath:portapapelhigienico":2,"yuushya:hanging_sakura_sprout":5,"minecraft:birch_door":1,"minecraft:redstone_torch":3,"minecraft:oak_log":8,"minecraft:sticky_piston":1,"waystones:waystone":5,"lightmanscurrency:atm":2,"moa_decor_bath:mingitorio":2,"minecraft:light":2,"moa_decor_art:pelgrito":32,"minecraft:bricks":32,"minecraft:bookshelf":12,"minecraft:quartz_pillar":9,"minecraft:mangrove_pressure_plate":2,"minecraft:quartz_slab":1,"moa_decor_bath:c_tverdes":1,"moa_decor_bath:esp_ncent":1,"yuushya:potted_cornflower":1,"minecraft:grass_block":1,"waystones:mossy_waystone":3,"minecraft:stone_button":2,"minecraft:brick_stairs":2,"minecraft:slime_block":2,"minecraft:smooth_sandstone":10,"minecraft:quartz_block":110,"minecraft:stone_slab":2,"luphieclutteredmod:luphie_antique_lamp":3,"minecraft:smooth_quartz":3,"luphieclutteredmod:luphie_lunar_observatory_books":1,"minecraft:flowering_azalea_leaves":92,"minecraft:acacia_fence_gate":3,"moa_decor_bath:bacaciasc":2,"minecraft:pink_petals":57,"minecraft:blue_carpet":39,"moa_decor_bath:esp_nizq":1,"minecraft:red_carpet":6,"minecraft:bow":64,"minecraft:bucket":18,"minecraft:minecart":2,"minecraft:acacia_fence":1,"moa_decor_bath:regadera":2,"duneons:abyssal_doorcoloonexit_2":1,"minecraft:acacia_wood":2,"lightmanscurrency:display_case":10,"minecraft:white_concrete":103,"yuushya:mounted_oak_sprout":1,"duneons:rainbowcarpet":2,"yuushya:hanging_oak_sprout":1,"moa_decor_bath:lavaboconpedestal":2,"minecraft:smooth_stone":12,"securitycraft:reinforced_stone_button":3,"minecraft:diorite_slab":11,"minecraft:birch_stairs":1},"minecraft:custom":{"minecraft:mob_kills":1,"minecraft:inspect_hopper":2,"minecraft:open_barrel":6,"minecraft:open_shulker_box":1,"minecraft:bell_ring":1,"minecraft:leave_game":11,"minecraft:time_since_death":323434,"minecraft:climb_one_cm":5345,"minecraft:time_since_rest":323434,"minecraft:waystone_activated":8,"minecraft:sprint_one_cm":228230,"minecraft:open_enderchest":3,"minecraft:damage_taken":360,"minecraft:walk_one_cm":2104102,"minecraft:trigger_trapped_chest":17,"minecraft:drop":7,"minecraft:minecart_one_cm":61965,"minecraft:damage_dealt":210,"minecraft:talked_to_villager":51,"minecraft:fly_one_cm":1537103,"minecraft:target_hit":223,"minecraft:open_chest":74,"minecraft:crouch_one_cm":4752,"minecraft:play_time":328178,"minecraft:deaths":1,"minecraft:sneak_time":2004,"minecraft:walk_under_water_one_cm":30297,"minecraft:boat_one_cm":472,"minecraft:interact_with_lectern":4,"minecraft:jump":518,"minecraft:walk_on_water_one_cm":41555,"minecraft:total_world_time":420849,"minecraft:interact_with_smoker":1,"minecraft:fall_one_cm":9942},"minecraft:dropped":{"minecraft:bricks":1,"moa_decor_bath:c_tverdes":1,"minecraft:red_carpet":1,"minecraft:stick":1,"minecraft:shroomlight":1,"relics:holy_locket":2},"minecraft:picked_up":{"minecraft:pink_petals":19,"relics:holy_locket":2,"minecraft:red_carpet":1,"minecraft:shroomlight":1,"minecraft:red_sand":1,"minecraft:pink_banner":1,"minecraft:azalea":2,"minecraft:birch_sapling":5,"minecraft:flowering_azalea":8,"minecraft:stick":10,"minecraft:glow_item_frame":1,"moa_decor_bath:c_tverdes":1,"minecraft:firework_rocket":1,"minecraft:bricks":1},"minecraft:killed":{"minecraft:villager":1}},"DataVersion":3465}