{"stats":{"minecraft:used":{"duneons:deserttemplebricksandwooden":5,"minecraft:water_bucket":18,"minecraft:mossy_stone_bricks":1,"minecraft:light_blue_stained_glass_pane":2,"minecraft:iron_bars":1,"minecraft:red_sand":2,"minecraft:brick_wall":2,"minecraft:light_gray_stained_glass_pane":13,"duneons:lamppostdown":1,"minecraft:birch_planks":5,"moa_decor_bath:esp_nder":1,"minecraft:infested_stone":1,"moa_decor_bath:llavesderegadera":1,"duneons:housecarpet":3,"securitycraft:keypad_chest":4,"minecraft:redstone":1,"minecraft:jungle_fence":1,"minecraft:oak_planks":159,"minecraft:pink_banner":1,"minecraft:andesite_slab":1,"minecraft:mossy_stone_brick_stairs":10,"minecraft:stone":44,"fantasyfurniture:nordic/desk_left":1,"minecraft:iron_sword":11,"minecraft:redstone_block":2,"securitycraft:keypad_door_item":1,"securitycraft:scanner_door_item":2,"minecraft:quartz_stairs":33,"minecraft:bell":1,"lightmanscurrency:vending_machine_large":1,"yuushya:ceiling_vine_flowering":1,"luphieclutteredmod:luphie_darkwood_souther_flair_bed":3,"moa_decor_bath:inodoro":4,"minecraft:smooth_quartz_stairs":10,"moa_decor_bath:c_trojas":1,"duneons:redgoldvangardcarpet":3,"yuushya:oak_tall_door":1,"yuushya:modern_lamp_2":1,"minecraft:anvil":1,"fantasyfurniture:dunmer/bed_double":1,"duneons:highlandlampwood":1,"luphieclutteredmod:luphie_key":2,"minecraft:end_stone":2,"cwsr:cyan_sword":1,"minecraft:glass":4,"luphieclutteredmod:stainedglasslamp":1,"smallships:jungle_brigg":1,"moa_decor_bath:toallanaranjacolg":2,"minecraft:jungle_trapdoor":2,"minecraft:painting":3,"minecraft:snowball":427,"minecraft:warped_pressure_plate":2,"moa_decor_lights:vt_nacacia":1,"minecraft:shroomlight":6,"waystones:waystone":5,"minecraft:milk_bucket":1,"moa_decor_bath:esp_n":5,"moa_decor_bath:portapapelhigienico":2,"yuushya:hanging_sakura_sprout":5,"minecraft:birch_door":1,"minecraft:redstone_torch":3,"minecraft:oak_log":8,"minecraft:sticky_piston":1,"lightmanscurrency:atm":2,"moa_decor_bath:mingitorio":2,"minecraft:light":2,"minecraft:apple":14,"moa_decor_art:pelgrito":33,"minecraft:bricks":32,"minecraft:light_gray_stained_glass":2,"minecraft:bookshelf":12,"minecraft:quartz_pillar":9,"minecraft:mangrove_pressure_plate":2,"minecraft:command_block":1,"minecraft:quartz_slab":1,"moa_decor_bath:c_tverdes":1,"moa_decor_bath:esp_ncent":1,"yuushya:potted_cornflower":1,"minecraft:grass_block":1,"waystones:mossy_waystone":3,"minecraft:stone_button":2,"minecraft:brick_stairs":2,"minecraft:slime_block":2,"minecraft:smooth_sandstone":10,"minecraft:quartz_block":110,"minecraft:stone_slab":2,"luphieclutteredmod:luphie_antique_lamp":3,"minecraft:smooth_quartz":3,"luphieclutteredmod:luphie_lunar_observatory_books":1,"minecraft:dark_oak_button":1,"minecraft:flowering_azalea_leaves":92,"minecraft:acacia_fence_gate":3,"moa_decor_bath:bacaciasc":2,"minecraft:pink_petals":57,"minecraft:blue_carpet":39,"moa_decor_bath:esp_nizq":1,"minecraft:red_carpet":6,"minecraft:bow":66,"minecraft:gray_glazed_terracotta":4,"minecraft:bucket":18,"minecraft:minecart":2,"minecraft:acacia_fence":1,"moa_decor_bath:regadera":2,"duneons:abyssal_doorcoloonexit_2":1,"minecraft:acacia_wood":2,"lightmanscurrency:display_case":10,"minecraft:white_concrete":103,"yuushya:mounted_oak_sprout":1,"duneons:rainbowcarpet":2,"yuushya:hanging_oak_sprout":1,"moa_decor_bath:lavaboconpedestal":2,"minecraft:smooth_stone":12,"securitycraft:reinforced_stone_button":3,"minecraft:diorite_slab":11,"minecraft:birch_stairs":1,"minecraft:lime_glazed_terracotta":1},"minecraft:mined":{"minecraft:pink_wall_banner":1,"minecraft:dark_oak_button":1},"minecraft:custom":{"minecraft:interact_with_anvil":1,"minecraft:mob_kills":3,"minecraft:inspect_hopper":2,"minecraft:open_barrel":17,"minecraft:open_shulker_box":1,"minecraft:bell_ring":1,"minecraft:leave_game":14,"minecraft:time_since_death":59828,"minecraft:sleep_in_bed":1,"minecraft:climb_one_cm":7053,"minecraft:time_since_rest":59855,"minecraft:waystone_activated":8,"minecraft:sprint_one_cm":271011,"minecraft:open_enderchest":3,"minecraft:damage_taken":984,"minecraft:walk_one_cm":2616737,"minecraft:trigger_trapped_chest":20,"minecraft:drop":7,"minecraft:minecart_one_cm":61965,"minecraft:damage_dealt":362,"minecraft:talked_to_villager":63,"minecraft:fly_one_cm":1644602,"minecraft:target_hit":223,"minecraft:open_chest":80,"minecraft:crouch_one_cm":5418,"minecraft:play_time":432665,"minecraft:deaths":2,"minecraft:sneak_time":2724,"minecraft:walk_under_water_one_cm":31585,"minecraft:boat_one_cm":5422,"minecraft:interact_with_lectern":5,"minecraft:aviate_one_cm":20333,"minecraft:jump":801,"minecraft:walk_on_water_one_cm":43894,"minecraft:total_world_time":525336,"minecraft:interact_with_smoker":1,"minecraft:fall_one_cm":18386},"minecraft:dropped":{"minecraft:bricks":1,"moa_decor_bath:c_tverdes":1,"minecraft:red_carpet":1,"minecraft:stick":1,"minecraft:shroomlight":1,"relics:holy_locket":2},"minecraft:picked_up":{"minecraft:pink_petals":19,"relics:holy_locket":2,"minecraft:red_carpet":1,"minecraft:shroomlight":1,"minecraft:red_sand":1,"minecraft:pink_banner":2,"minecraft:azalea":2,"minecraft:birch_sapling":5,"minecraft:flowering_azalea":8,"minecraft:stick":10,"minecraft:glow_item_frame":1,"moa_decor_bath:c_tverdes":1,"minecraft:firework_rocket":1,"minecraft:bricks":1},"minecraft:killed":{"minecraft:spider":1,"minecraft:wither_skeleton":1,"minecraft:villager":1}},"DataVersion":3465}