{"stats":{"minecraft:dropped":{"minecraft:piston":2,"minecraft:glass_bottle":11,"minecraft:crafting_table":5,"minecraft:crossbow":1,"minecraft:emerald":1,"minecraft:black_stained_glass_pane":1,"minecraft:conduit":2,"minecraft:netherite_boots":1,"minecraft:writable_book":18,"minecraft:birch_stairs":1,"minecraft:bone":2,"minecraft:netherite_sword":5,"minecraft:quartz_bricks":1,"minecraft:sea_lantern":1,"minecraft:tipped_arrow":1,"minecraft:orange_banner":1,"minecraft:quartz_block":2,"minecraft:hopper":6,"minecraft:beef":1,"minecraft:smooth_quartz_stairs":1,"minecraft:netherite_helmet":1,"minecraft:netherite_chestplate":4,"minecraft:cobblestone":1,"minecraft:book":3,"minecraft:apple":5,"minecraft:granite":23,"minecraft:command_block":2,"minecraft:golden_apple":1,"minecraft:lava_bucket":1,"minecraft:iron_trapdoor":1,"minecraft:wooden_axe":2,"minecraft:heart_of_the_sea":1,"minecraft:paper":5,"minecraft:string":1,"minecraft:acacia_planks":1,"minecraft:furnace":1,"minecraft:sticky_piston":1,"minecraft:name_tag":26,"minecraft:debug_stick":1,"minecraft:blast_furnace":2,"minecraft:flower_pot":1,"minecraft:spruce_planks":2,"minecraft:redstone_torch":2,"minecraft:magma_block":2,"minecraft:birch_slab":1,"minecraft:cod":1,"minecraft:redstone_lamp":2,"minecraft:cauldron":2,"minecraft:trident":1,"minecraft:iron_bars":1,"minecraft:written_book":4,"minecraft:splash_potion":1,"minecraft:spawner":1,"minecraft:water_bucket":2,"minecraft:bookshelf":1,"minecraft:yellow_concrete":3,"minecraft:netherite_axe":1,"minecraft:spectral_arrow":1,"minecraft:observer":4,"minecraft:sculk_catalyst":1,"minecraft:smooth_quartz":1,"minecraft:light_gray_stained_glass":1,"minecraft:green_carpet":1,"minecraft:pink_banner":1,"minecraft:polished_andesite_stairs":1,"minecraft:bucket":2,"minecraft:lapis_block":1,"minecraft:redstone_block":1,"minecraft:redstone":4,"minecraft:chiseled_quartz_block":4,"minecraft:wither_skeleton_skull":4,"minecraft:comparator":4,"minecraft:red_terracotta":2,"minecraft:netherite_leggings":1,"minecraft:light":1,"minecraft:filled_map":14,"minecraft:shield":1,"minecraft:warped_fence":1,"minecraft:quartz_stairs":1},"minecraft:killed":{"minecraft:cave_spider":4,"minecraft:pufferfish":4,"minecraft:skeleton":30,"minecraft:guardian":16,"minecraft:chicken":1,"minecraft:tropical_fish":6,"minecraft:cat":4,"minecraft:iron_golem":34,"minecraft:zombie":37,"minecraft:endermite":4,"minecraft:vindicator":4,"minecraft:husk":16,"minecraft:sniffer":1,"minecraft:frog":5,"minecraft:spider":8,"minecraft:wither":15,"minecraft:zombie_villager":22,"minecraft:creeper":28,"minecraft:stray":3,"minecraft:blaze":3,"minecraft:drowned":13,"minecraft:wither_skeleton":56,"minecraft:villager":61},"minecraft:killed_by":{"minecraft:wither":3,"minecraft:wither_skeleton":1,"minecraft:blaze":2,"minecraft:elder_guardian":1,"minecraft:iron_golem":11,"minecraft:skeleton":2},"minecraft:custom":{"minecraft:interact_with_crafting_table":69,"minecraft:open_barrel":267,"minecraft:bell_ring":136,"minecraft:eat_cake_slice":14,"minecraft:leave_game":482,"minecraft:time_since_death":65782,"minecraft:play_time":41921352,"minecraft:deaths":30,"minecraft:jump":44370,"minecraft:interact_with_furnace":50,"minecraft:play_record":4,"minecraft:traded_with_villager":87,"minecraft:interact_with_cartography_table":1,"minecraft:sleep_in_bed":4,"minecraft:damage_dealt":128514,"minecraft:interact_with_smoker":19,"minecraft:use_cauldron":17,"minecraft:inspect_dispenser":5,"minecraft:horse_one_cm":3496,"minecraft:interact_with_smithing_table":9,"minecraft:inspect_dropper":1,"minecraft:interact_with_anvil":294,"minecraft:inspect_hopper":490,"minecraft:damage_dealt_absorbed":3605,"minecraft:target_hit":92,"minecraft:sneak_time":1411191,"minecraft:interact_with_lectern":941,"minecraft:interact_with_blast_furnace":25,"minecraft:total_world_time":77397773,"minecraft:tune_noteblock":42,"minecraft:interact_with_stonecutter":6,"minecraft:time_since_rest":65783,"minecraft:swim_one_cm":403478,"minecraft:fly_one_cm":302006044,"minecraft:open_chest":2684,"minecraft:fall_one_cm":32421,"minecraft:open_shulker_box":350,"minecraft:sprint_one_cm":2581646,"minecraft:drop":227,"minecraft:talked_to_villager":525,"minecraft:interact_with_brewingstand":16,"minecraft:walk_on_water_one_cm":10019173,"minecraft:interact_with_loom":2,"minecraft:open_enderchest":3,"minecraft:crouch_one_cm":882189,"minecraft:mob_kills":380,"minecraft:fill_cauldron":70,"minecraft:damage_dealt_resisted":752,"minecraft:climb_one_cm":405090,"minecraft:walk_one_cm":39863804,"minecraft:walk_under_water_one_cm":6500852,"minecraft:boat_one_cm":593277,"minecraft:pot_flower":492,"minecraft:interact_with_grindstone":11,"minecraft:damage_taken":10110,"minecraft:trigger_trapped_chest":659,"minecraft:minecart_one_cm":18046,"minecraft:aviate_one_cm":153982},"minecraft:crafted":{"minecraft:blaze_powder":8,"minecraft:decorated_pot":89,"minecraft:name_tag":9,"minecraft:turtle_helmet":2,"minecraft:glass_bottle":3,"minecraft:emerald":154,"minecraft:gold_ingot":18,"minecraft:netherite_ingot":4,"minecraft:enchanted_book":9,"minecraft:golden_apple":2,"minecraft:fermented_spider_eye":5,"minecraft:black_stained_glass_pane":2,"minecraft:written_book":9,"minecraft:totem_of_undying":1,"minecraft:iron_chestplate":1,"minecraft:paper":13,"minecraft:sugar":20,"minecraft:diamond_chestplate":1},"minecraft:used":{"minecraft:beetroot":14,"minecraft:peony":163,"minecraft:moss_block":77,"minecraft:nether_brick_fence":25,"minecraft:writable_book":1025,"minecraft:polished_granite_stairs":578,"minecraft:chiseled_deepslate":17,"minecraft:bamboo_sign":4,"minecraft:smooth_quartz_slab":1153,"minecraft:poppy":8,"minecraft:dead_horn_coral_block":1,"minecraft:spruce_slab":230,"minecraft:dispenser":6,"minecraft:polished_blackstone":7,"minecraft:dead_brain_coral":5,"minecraft:ladder":730,"minecraft:mangrove_fence_gate":1,"minecraft:black_carpet":26,"minecraft:green_banner":5,"minecraft:chest":1020,"minecraft:brown_concrete":23,"minecraft:stone":8735,"minecraft:white_shulker_box":81,"minecraft:red_nether_brick_stairs":50,"minecraft:warped_sign":109,"minecraft:quartz_stairs":9975,"minecraft:farmland":8,"minecraft:tube_coral":3,"minecraft:chiseled_red_sandstone":1,"minecraft:soul_sand":195,"minecraft:cocoa_beans":26,"minecraft:skeleton_spawn_egg":1,"minecraft:cut_copper":85,"minecraft:blue_stained_glass":52,"minecraft:brick_slab":549,"minecraft:jungle_slab":317,"minecraft:cracked_deepslate_tiles":120,"minecraft:weathered_cut_copper_stairs":1,"minecraft:yellow_candle":69,"minecraft:weeping_vines":107,"minecraft:stripped_spruce_log":18,"minecraft:frog_spawn_egg":10,"minecraft:packed_ice":5,"minecraft:bamboo_pressure_plate":18,"minecraft:honey_block":24,"minecraft:lava_bucket":46,"minecraft:stripped_dark_oak_wood":19,"minecraft:quartz_pillar":2392,"minecraft:music_disc_pigstep":1,"minecraft:mangrove_stairs":21,"minecraft:jungle_fence_gate":19,"minecraft:red_wool":28,"minecraft:warped_hyphae":78,"minecraft:black_stained_glass_pane":1143,"minecraft:grass_block":1184,"minecraft:quartz_block":11941,"minecraft:polished_andesite_stairs":104,"minecraft:orange_shulker_box":2,"minecraft:music_disc_chirp":1,"minecraft:dark_oak_leaves":3,"minecraft:dark_oak_slab":7,"minecraft:cherry_leaves":45,"minecraft:dark_oak_button":3,"minecraft:diorite_wall":286,"minecraft:pink_wool":251,"minecraft:stone_brick_stairs":1253,"minecraft:blue_banner":17,"minecraft:stripped_mangrove_log":1,"minecraft:exposed_cut_copper_slab":97,"minecraft:red_stained_glass_pane":322,"minecraft:snow":8,"minecraft:bow":235,"minecraft:sweet_berries":62,"minecraft:yellow_glazed_terracotta":96,"minecraft:furnace":181,"minecraft:cooked_cod":5,"minecraft:mangrove_slab":5,"minecraft:acacia_fence":138,"minecraft:end_stone_brick_stairs":11,"minecraft:potato":7,"minecraft:dragon_head":4,"minecraft:dead_brain_coral_fan":6,"minecraft:seagrass":342,"minecraft:green_stained_glass_pane":850,"minecraft:dark_prismarine_stairs":1,"minecraft:brown_concrete_powder":329,"minecraft:light_blue_carpet":167,"minecraft:spider_spawn_egg":2,"minecraft:deepslate_brick_wall":1,"minecraft:mossy_stone_bricks":690,"minecraft:bamboo_mosaic":1,"minecraft:diorite":455,"minecraft:end_stone_bricks":52,"minecraft:spruce_door":35,"minecraft:brick_wall":460,"minecraft:stripped_birch_log":4,"minecraft:cut_copper_slab":43,"minecraft:red_stained_glass":1010,"minecraft:powered_rail":1447,"minecraft:acacia_trapdoor":220,"minecraft:blackstone_stairs":4,"minecraft:prismarine":1037,"minecraft:blackstone":6,"minecraft:cactus":1,"minecraft:mossy_stone_brick_stairs":581,"minecraft:black_glazed_terracotta":65,"minecraft:composter":55,"minecraft:jungle_pressure_plate":7,"minecraft:parrot_spawn_egg":9,"minecraft:clay":362,"minecraft:purpur_pillar":198,"minecraft:oak_leaves":248,"minecraft:smooth_quartz_stairs":4162,"minecraft:stripped_mangrove_wood":3,"minecraft:golden_apple":1,"minecraft:respawn_anchor":4,"minecraft:glow_berries":278,"minecraft:dark_oak_trapdoor":249,"minecraft:blue_dye":1,"minecraft:sand":432,"minecraft:purpur_stairs":653,"minecraft:cut_sandstone_slab":61,"minecraft:blast_furnace":122,"minecraft:smooth_red_sandstone":1022,"minecraft:weathered_cut_copper_slab":24,"minecraft:blue_ice":18,"minecraft:acacia_leaves":2,"minecraft:oxidized_cut_copper_slab":26,"minecraft:chiseled_quartz_block":2596,"minecraft:stripped_cherry_wood":18,"minecraft:black_concrete_powder":20,"minecraft:red_sandstone_wall":16,"minecraft:deepslate_brick_stairs":19,"minecraft:lightning_rod":37,"minecraft:birch_fence":15,"minecraft:deepslate_tiles":195,"minecraft:cherry_hanging_sign":32,"minecraft:crying_obsidian":73,"minecraft:chiseled_sandstone":82,"minecraft:mangrove_door":11,"minecraft:stripped_bamboo_block":13,"minecraft:gray_stained_glass_pane":161,"minecraft:birch_slab":1234,"minecraft:zombie_head":10,"minecraft:stone_button":361,"minecraft:verdant_froglight":266,"minecraft:cyan_carpet":345,"minecraft:spore_blossom":2,"minecraft:lectern":522,"minecraft:white_glazed_terracotta":101,"minecraft:red_terracotta":1435,"minecraft:polished_granite":913,"minecraft:cherry_sign":11,"minecraft:oak_pressure_plate":75,"minecraft:diamond_ore":6,"minecraft:cat_spawn_egg":1,"minecraft:flowering_azalea_leaves":240,"minecraft:lilac":34,"minecraft:polished_andesite_slab":71,"minecraft:soul_lantern":368,"minecraft:magenta_stained_glass_pane":33,"minecraft:nether_wart_block":9,"minecraft:diamond_sword":153,"minecraft:exposed_cut_copper":76,"minecraft:dark_oak_fence":1,"minecraft:white_stained_glass":648,"minecraft:smithing_table":26,"minecraft:bubble_coral_block":157,"minecraft:birch_log":3,"minecraft:waxed_cut_copper_stairs":1,"minecraft:pink_stained_glass":3,"minecraft:ice":8,"minecraft:oak_boat":23,"minecraft:compass":1,"minecraft:oak_hanging_sign":136,"minecraft:diorite_slab":476,"minecraft:gray_stained_glass":70,"minecraft:diorite_stairs":133,"minecraft:oak_trapdoor":1271,"minecraft:iron_bars":4033,"minecraft:enchanting_table":57,"minecraft:dead_tube_coral_block":172,"minecraft:dead_bush":1,"minecraft:orange_concrete":10,"minecraft:brain_coral_fan":73,"minecraft:red_concrete":94,"minecraft:armor_stand":83,"minecraft:light_gray_carpet":182,"minecraft:mycelium":16,"minecraft:stripped_warped_stem":7,"minecraft:tinted_glass":9,"minecraft:jungle_hanging_sign":48,"minecraft:mangrove_fence":3,"minecraft:sandstone_wall":34,"minecraft:structure_block":18,"minecraft:exposed_cut_copper_stairs":106,"minecraft:torch":123,"minecraft:netherrack":180,"minecraft:green_glazed_terracotta":19,"minecraft:orange_bed":4,"minecraft:orange_stained_glass":264,"minecraft:light_gray_shulker_box":3,"minecraft:dragon_egg":4,"minecraft:brewing_stand":92,"minecraft:anvil":245,"minecraft:target":26,"minecraft:chorus_flower":3,"minecraft:twisting_vines":7,"minecraft:crimson_hyphae":29,"minecraft:stone_stairs":628,"minecraft:cod_bucket":9,"minecraft:nether_brick_slab":364,"minecraft:light_gray_glazed_terracotta":473,"minecraft:yellow_carpet":6,"minecraft:jungle_trapdoor":645,"minecraft:polished_granite_slab":148,"minecraft:glow_lichen":664,"minecraft:dead_brain_coral_block":33,"minecraft:mud_brick_stairs":1509,"minecraft:nether_brick_stairs":1061,"minecraft:oak_fence_gate":84,"minecraft:fern":2,"minecraft:polished_diorite":20,"minecraft:orange_candle":12,"minecraft:small_dripleaf":6,"minecraft:shroomlight":498,"minecraft:mossy_cobblestone_stairs":443,"minecraft:red_shulker_box":24,"minecraft:sea_lantern":63,"minecraft:flowering_azalea":9,"minecraft:bamboo_fence":79,"minecraft:cyan_shulker_box":6,"minecraft:muddy_mangrove_roots":6,"minecraft:filled_map":380,"minecraft:light_weighted_pressure_plate":126,"minecraft:spruce_button":7,"minecraft:slime_block":98,"minecraft:brick_stairs":768,"minecraft:warped_fence":51,"minecraft:spawner":259,"minecraft:birch_hanging_sign":18,"minecraft:jungle_log":6,"minecraft:smooth_quartz":3666,"minecraft:cherry_fence_gate":196,"minecraft:mud_bricks":915,"minecraft:pink_stained_glass_pane":80,"minecraft:barrel":523,"minecraft:prismarine_slab":51,"minecraft:smooth_basalt":58,"minecraft:diamond_chestplate":2,"minecraft:basalt":101,"minecraft:tripwire_hook":82,"minecraft:purple_concrete":10,"minecraft:glowstone":4510,"minecraft:lime_concrete":14,"minecraft:warped_stairs":40,"minecraft:tall_grass":19,"minecraft:gray_glazed_terracotta":162,"minecraft:iron_trapdoor":4147,"minecraft:magenta_terracotta":4,"minecraft:podzol":57,"minecraft:acacia_wood":8,"minecraft:trapped_chest":62,"minecraft:crimson_pressure_plate":8,"minecraft:cobbled_deepslate":226,"minecraft:acacia_planks":958,"minecraft:cherry_log":8,"minecraft:cherry_fence":366,"minecraft:observer":92,"minecraft:horn_coral_fan":15,"minecraft:pointed_dripstone":191,"minecraft:crimson_stem":11,"minecraft:calcite":1,"minecraft:wheat_seeds":6,"minecraft:water_bucket":3466,"minecraft:chiseled_bookshelf":83,"minecraft:warped_stem":134,"minecraft:nether_brick_wall":106,"minecraft:light_blue_shulker_box":2,"minecraft:mangrove_wood":2,"minecraft:light_blue_glazed_terracotta":276,"minecraft:tube_coral_block":92,"minecraft:dirt_path":33,"minecraft:sandstone_stairs":125,"minecraft:warped_hanging_sign":37,"minecraft:prismarine_brick_slab":32,"minecraft:birch_planks":2219,"minecraft:bubble_coral_fan":19,"minecraft:cartography_table":25,"minecraft:smooth_sandstone_slab":256,"minecraft:cherry_planks":32,"minecraft:red_mushroom_block":324,"minecraft:cauldron":171,"minecraft:horse_spawn_egg":1,"minecraft:gold_ore":62,"minecraft:fletching_table":21,"minecraft:glow_ink_sac":274,"minecraft:spruce_fence_gate":3,"minecraft:deepslate_bricks":108,"minecraft:conduit":2,"minecraft:cracked_stone_bricks":1039,"minecraft:gilded_blackstone":15,"minecraft:pink_concrete":29,"minecraft:bamboo_mosaic_stairs":28,"minecraft:diamond_block":2,"minecraft:red_bed":12,"minecraft:acacia_hanging_sign":7,"minecraft:orange_carpet":6,"minecraft:light_gray_banner":7,"minecraft:polished_deepslate_slab":5,"minecraft:mossy_cobblestone":876,"minecraft:lime_terracotta":1274,"minecraft:brown_dye":29,"minecraft:rail":785,"minecraft:comparator":249,"minecraft:vine":662,"minecraft:crafting_table":248,"minecraft:oak_slab":306,"minecraft:tnt":2,"minecraft:cyan_glazed_terracotta":52,"minecraft:crimson_trapdoor":56,"minecraft:birch_sign":719,"minecraft:sculk_shrieker":6,"minecraft:white_bed":25,"minecraft:campfire":68,"minecraft:cod":51,"minecraft:dark_oak_fence_gate":1,"minecraft:fire_coral":22,"minecraft:mangrove_sign":20,"minecraft:cake":21,"minecraft:spruce_log":29,"minecraft:bamboo_fence_gate":99,"minecraft:deepslate_tile_wall":60,"minecraft:small_amethyst_bud":7,"minecraft:oak_log":24,"minecraft:amethyst_cluster":6,"minecraft:blue_stained_glass_pane":838,"minecraft:mud":1,"minecraft:dark_prismarine":7,"minecraft:ender_eye":1,"minecraft:light":307,"minecraft:waxed_exposed_cut_copper_stairs":86,"minecraft:warped_trapdoor":2092,"minecraft:acacia_sign":151,"minecraft:mangrove_pressure_plate":9,"minecraft:stripped_jungle_log":24,"minecraft:oak_button":37,"minecraft:spruce_pressure_plate":60,"minecraft:cyan_concrete":49,"minecraft:purpur_slab":71,"minecraft:spruce_trapdoor":829,"minecraft:bamboo_slab":166,"minecraft:crimson_nylium":6,"minecraft:crimson_sign":22,"minecraft:blue_carpet":3,"minecraft:green_carpet":893,"minecraft:pink_bed":21,"minecraft:chiseled_stone_bricks":396,"minecraft:cobblestone":600,"minecraft:potion":15,"minecraft:azalea_leaves":90,"minecraft:orange_banner":57,"minecraft:purple_bed":17,"minecraft:crimson_stairs":6,"minecraft:acacia_pressure_plate":53,"minecraft:andesite_stairs":2043,"minecraft:warped_fence_gate":12,"minecraft:sandstone_slab":104,"minecraft:glass_pane":95,"minecraft:black_candle":15,"minecraft:repeating_command_block":114,"minecraft:end_portal_frame":1,"minecraft:brush":1,"minecraft:stripped_oak_log":94,"minecraft:kelp":627,"minecraft:dandelion":2,"minecraft:brown_mushroom_block":28,"minecraft:sculk_vein":267,"minecraft:jukebox":73,"minecraft:candle":68,"minecraft:green_stained_glass":628,"minecraft:light_blue_banner":2,"minecraft:moss_carpet":657,"minecraft:light_blue_stained_glass_pane":1465,"minecraft:red_sand":13,"minecraft:polished_deepslate":2,"minecraft:light_gray_stained_glass_pane":932,"minecraft:dead_tube_coral_fan":24,"minecraft:bone_block":309,"minecraft:oak_sign":343,"minecraft:mangrove_button":4,"minecraft:polished_basalt":9,"minecraft:decorated_pot":685,"minecraft:donkey_spawn_egg":1,"minecraft:white_terracotta":810,"minecraft:iron_sword":144,"minecraft:creeper_head":4,"minecraft:stripped_jungle_wood":1428,"minecraft:grass":499,"minecraft:bubble_coral":30,"minecraft:bell":84,"minecraft:mossy_stone_brick_slab":121,"minecraft:mangrove_hanging_sign":3,"minecraft:player_head":28,"minecraft:smooth_sandstone_stairs":1325,"minecraft:soul_campfire":12,"minecraft:sculk_sensor":21,"minecraft:green_terracotta":21,"minecraft:debug_stick":29730,"minecraft:spruce_leaves":84,"minecraft:mooshroom_spawn_egg":1,"minecraft:birch_pressure_plate":175,"minecraft:nether_bricks":516,"minecraft:orange_glazed_terracotta":19,"minecraft:jungle_planks":398,"minecraft:prismarine_brick_stairs":229,"minecraft:carrot":3,"minecraft:deepslate_tile_slab":339,"minecraft:pink_terracotta":1,"minecraft:music_disc_13":1,"minecraft:tuff":42,"minecraft:music_disc_11":1,"minecraft:cyan_wool":9,"minecraft:obsidian":259,"minecraft:polished_deepslate_stairs":4,"minecraft:big_dripleaf":14,"minecraft:glass":979,"minecraft:crimson_button":9,"minecraft:cyan_terracotta":16,"minecraft:bricks":4543,"minecraft:coal_ore":2,"minecraft:quartz_slab":3541,"minecraft:lantern":435,"minecraft:packed_mud":151,"minecraft:green_wool":269,"minecraft:polished_blackstone_brick_wall":3,"minecraft:warped_nylium":20,"minecraft:light_blue_bed":53,"minecraft:mossy_cobblestone_slab":90,"minecraft:raw_gold_block":5,"minecraft:hopper_minecart":2,"minecraft:stone_bricks":2069,"minecraft:item_frame":371,"minecraft:bedrock":64,"minecraft:spruce_hanging_sign":97,"minecraft:birch_button":11,"minecraft:birch_trapdoor":2,"minecraft:reinforced_deepslate":121,"minecraft:repeater":1621,"minecraft:red_carpet":377,"minecraft:redstone_lamp":1214,"minecraft:red_nether_brick_wall":1,"minecraft:magma_block":340,"minecraft:brown_carpet":198,"minecraft:horn_coral":18,"minecraft:mangrove_roots":13,"minecraft:hay_block":114,"minecraft:written_book":255,"minecraft:scaffolding":206,"minecraft:jungle_button":1,"minecraft:gray_bed":14,"minecraft:beetroot_seeds":2,"minecraft:skeleton_skull":191,"minecraft:fire_coral_fan":34,"minecraft:pearlescent_froglight":6,"minecraft:large_fern":16,"minecraft:chiseled_polished_blackstone":14,"minecraft:bamboo_trapdoor":5,"minecraft:dark_oak_stairs":34,"minecraft:tube_coral_fan":25,"minecraft:ink_sac":231,"minecraft:end_rod":420,"minecraft:torchflower":4,"minecraft:stripped_acacia_log":16,"minecraft:dropper":7,"minecraft:wither_skeleton_skull":20,"minecraft:birch_leaves":47,"minecraft:gray_carpet":37,"minecraft:dark_oak_sign":9,"minecraft:mangrove_planks":2,"minecraft:jungle_fence":235,"minecraft:oak_planks":767,"minecraft:prismarine_stairs":210,"minecraft:ender_pearl":2,"minecraft:sandstone":216,"minecraft:redstone_block":406,"minecraft:end_stone_brick_slab":5,"minecraft:blue_bed":22,"minecraft:calibrated_sculk_sensor":32,"minecraft:large_amethyst_bud":3,"minecraft:bamboo_stairs":260,"minecraft:brain_coral":53,"minecraft:white_wool":8,"minecraft:yellow_terracotta":547,"minecraft:light_blue_concrete":62,"minecraft:loom":29,"minecraft:light_gray_terracotta":1,"minecraft:yellow_concrete":13604,"minecraft:crossbow":1,"minecraft:mule_spawn_egg":1,"minecraft:dead_bubble_coral":2,"minecraft:sponge":29,"minecraft:note_block":66,"minecraft:dripstone_block":859,"minecraft:ochre_froglight":10,"minecraft:lingering_potion":19,"minecraft:stone_brick_wall":81,"minecraft:black_bed":10,"minecraft:end_stone":6,"minecraft:cobbled_deepslate_stairs":427,"minecraft:redstone_torch":480,"minecraft:sticky_piston":336,"minecraft:black_terracotta":3,"minecraft:dead_fire_coral_fan":1,"minecraft:blue_glazed_terracotta":8,"minecraft:lever":426,"minecraft:green_concrete":2,"minecraft:gray_shulker_box":4,"minecraft:black_concrete":175,"minecraft:daylight_detector":90,"minecraft:firework_rocket":51,"minecraft:nether_sprouts":3,"minecraft:birch_fence_gate":33,"minecraft:acacia_door":208,"minecraft:string":198,"minecraft:lime_carpet":4,"minecraft:heavy_weighted_pressure_plate":584,"minecraft:cyan_bed":33,"minecraft:brown_wool":4,"minecraft:brown_stained_glass":155,"minecraft:barrier":2071,"minecraft:iron_door":296,"minecraft:deepslate":130,"minecraft:prismarine_wall":162,"minecraft:gravel":31,"minecraft:stripped_warped_hyphae":79,"minecraft:granite_slab":215,"minecraft:dead_horn_coral":2,"minecraft:jungle_sign":84,"minecraft:smooth_red_sandstone_slab":264,"minecraft:light_blue_concrete_powder":152,"minecraft:pufferfish_bucket":13,"minecraft:dead_horn_coral_fan":18,"minecraft:stripped_oak_wood":4,"minecraft:grindstone":35,"minecraft:medium_amethyst_bud":7,"minecraft:crimson_door":7,"minecraft:andesite":1381,"minecraft:chain":560,"minecraft:mossy_cobblestone_wall":33,"minecraft:smooth_stone_slab":222,"minecraft:chest_minecart":17,"minecraft:white_concrete":1028,"minecraft:air":1,"minecraft:tropical_fish_bucket":48,"minecraft:bamboo_mosaic_slab":23,"minecraft:warped_button":65,"minecraft:chorus_plant":16,"minecraft:bone_meal":599,"minecraft:experience_bottle":18,"minecraft:cobweb":15,"minecraft:oak_fence":298,"minecraft:purpur_block":351,"minecraft:petrified_oak_slab":66,"minecraft:netherite_sword":1973,"minecraft:trident":36,"minecraft:jungle_leaves":139,"minecraft:rose_bush":13,"minecraft:cherry_wood":29,"minecraft:granite_stairs":1676,"minecraft:crimson_fence":1,"minecraft:flint_and_steel":84,"minecraft:cracked_deepslate_bricks":37,"minecraft:redstone_ore":7,"minecraft:mangrove_chest_boat":1,"minecraft:redstone":4556,"minecraft:pufferfish_spawn_egg":1,"minecraft:zombie_villager_spawn_egg":1,"minecraft:light_blue_terracotta":120,"minecraft:spruce_planks":1093,"minecraft:ender_chest":12,"minecraft:sculk":1,"minecraft:brown_shulker_box":86,"minecraft:stripped_birch_wood":7,"minecraft:dried_kelp_block":2,"minecraft:cut_copper_stairs":390,"minecraft:oak_door":44,"minecraft:end_stone_brick_wall":1,"minecraft:dirt":92,"minecraft:red_nether_brick_slab":5,"minecraft:white_carpet":451,"minecraft:hopper":187,"minecraft:cherry_pressure_plate":183,"minecraft:prismarine_bricks":344,"minecraft:spruce_stairs":858,"minecraft:cobblestone_wall":194,"minecraft:warped_door":287,"minecraft:pink_carpet":104,"minecraft:raw_iron_block":2,"minecraft:pink_dye":2,"minecraft:granite":2277,"minecraft:salmon_bucket":10,"minecraft:warped_pressure_plate":42,"minecraft:spruce_fence":403,"minecraft:light_blue_stained_glass":684,"minecraft:purple_banner":43,"minecraft:andesite_wall":66,"minecraft:purple_stained_glass_pane":485,"minecraft:dark_oak_planks":157,"minecraft:stone_brick_slab":328,"minecraft:brown_terracotta":2,"minecraft:light_gray_stained_glass":103,"minecraft:bookshelf":6712,"minecraft:yellow_stained_glass":32,"minecraft:oak_stairs":985,"minecraft:smooth_sandstone":742,"minecraft:acacia_slab":53,"minecraft:cherry_trapdoor":44,"minecraft:red_candle":13,"minecraft:crimson_planks":3,"minecraft:light_gray_wool":2,"minecraft:weathered_cut_copper":5,"minecraft:waxed_cut_copper_slab":3,"minecraft:black_stained_glass":71,"minecraft:emerald_block":95,"minecraft:soul_soil":8,"minecraft:dark_oak_pressure_plate":6,"minecraft:lime_stained_glass":2,"minecraft:deepslate_tile_stairs":1034,"minecraft:black_dye":2,"minecraft:white_stained_glass_pane":870,"minecraft:drowned_spawn_egg":1,"minecraft:minecart":35,"minecraft:cyan_banner":156,"minecraft:granite_wall":238,"minecraft:cyan_concrete_powder":527,"minecraft:stone_pressure_plate":112,"minecraft:horn_coral_block":50,"minecraft:dead_bubble_coral_block":22,"minecraft:mossy_stone_brick_wall":58,"minecraft:red_dye":3,"minecraft:orange_stained_glass_pane":943,"minecraft:brown_candle":8,"minecraft:turtle_egg":30,"minecraft:light_gray_bed":21,"minecraft:bamboo_planks":29,"minecraft:brown_bed":44,"minecraft:brain_coral_block":967,"minecraft:mangrove_boat":1,"minecraft:cobbled_deepslate_wall":12,"minecraft:crimson_hanging_sign":11,"minecraft:quartz_bricks":1104,"minecraft:jigsaw":2,"minecraft:amethyst_block":67,"minecraft:iron_ore":29,"minecraft:cobblestone_stairs":539,"minecraft:pink_glazed_terracotta":50,"minecraft:lodestone":18,"minecraft:dark_oak_hanging_sign":61,"minecraft:glass_bottle":12,"minecraft:netherite_chestplate":2,"minecraft:polished_andesite":616,"minecraft:mud_brick_slab":362,"minecraft:red_nether_bricks":104,"minecraft:pink_banner":127,"minecraft:andesite_slab":411,"minecraft:birch_boat":41,"minecraft:purple_glazed_terracotta":25,"minecraft:black_shulker_box":4,"minecraft:cut_sandstone":1191,"minecraft:sniffer_egg":6,"minecraft:magenta_stained_glass":135,"minecraft:spruce_sign":24,"minecraft:white_dye":4,"minecraft:chiseled_nether_bricks":55,"minecraft:red_glazed_terracotta":6,"minecraft:stonecutter":7,"minecraft:green_bed":30,"minecraft:cobblestone_slab":237,"minecraft:glow_item_frame":1571,"minecraft:polished_blackstone_pressure_plate":3,"minecraft:mangrove_trapdoor":162,"minecraft:terracotta":92,"minecraft:stripped_dark_oak_log":43,"minecraft:brown_banner":4,"minecraft:magenta_bed":1,"minecraft:dead_fire_coral_block":24,"minecraft:red_mushroom":66,"minecraft:bamboo_block":8,"minecraft:yellow_stained_glass_pane":32,"minecraft:brown_glazed_terracotta":4,"minecraft:painting":559,"minecraft:magenta_carpet":24,"minecraft:smoker":71,"minecraft:piglin_head":14,"minecraft:smooth_red_sandstone_stairs":417,"minecraft:warped_planks":12,"minecraft:book":8,"minecraft:dark_oak_door":456,"minecraft:cyan_stained_glass":808,"minecraft:purple_stained_glass":72,"minecraft:piston":19,"minecraft:flower_pot":591,"minecraft:acacia_stairs":120,"minecraft:apple":98,"minecraft:cherry_door":2,"minecraft:command_block":1571,"minecraft:stone_slab":119,"minecraft:detector_rail":5,"minecraft:jungle_stairs":1152,"minecraft:acacia_fence_gate":86,"minecraft:stone_axe":4,"minecraft:magenta_banner":8,"minecraft:pink_petals":495,"minecraft:brown_stained_glass_pane":62,"minecraft:fishing_rod":14,"minecraft:fire_coral_block":98,"minecraft:green_shulker_box":4,"minecraft:cherry_stairs":91,"minecraft:cobbled_deepslate_slab":186,"minecraft:bucket":5,"minecraft:mud_brick_wall":72,"minecraft:cyan_stained_glass_pane":2703,"minecraft:white_banner":70,"minecraft:jungle_door":182,"minecraft:pink_shulker_box":1,"minecraft:chain_command_block":229,"minecraft:red_banner":183,"minecraft:lapis_block":1724,"minecraft:magenta_glazed_terracotta":7,"minecraft:wither_rose":1,"minecraft:yellow_bed":1,"minecraft:polished_blackstone_button":207,"minecraft:sea_pickle":372,"minecraft:purple_carpet":27,"minecraft:birch_stairs":2190,"minecraft:sculk_catalyst":15,"minecraft:smooth_stone":134,"minecraft:splash_potion":52,"minecraft:soul_torch":1},"minecraft:picked_up":{"minecraft:wooden_axe":3,"minecraft:iron_chestplate":9,"minecraft:chainmail_boots":5,"minecraft:anvil":2,"minecraft:creeper_head":2,"minecraft:flower_pot":128,"minecraft:prismarine_shard":46,"minecraft:diamond_sword":5,"minecraft:lead":76,"minecraft:wither_rose":16,"minecraft:golden_shovel":2,"minecraft:light":1,"minecraft:golden_sword":10,"minecraft:string":91,"minecraft:pufferfish":10,"minecraft:diamond_leggings":5,"minecraft:gold_nugget":128,"minecraft:spruce_planks":1,"minecraft:written_book":22,"minecraft:enchanted_golden_apple":9,"minecraft:melon_slice":10,"minecraft:golden_helmet":4,"minecraft:golden_axe":2,"minecraft:golden_chestplate":7,"minecraft:cauldron":1,"minecraft:stone_sword":2,"minecraft:command_block":2,"minecraft:tropical_fish":18,"minecraft:glowstone":1,"minecraft:bookshelf":28,"minecraft:netherite_chestplate":7,"minecraft:blaze_rod":2,"minecraft:snowball":336,"minecraft:magma_block":3,"minecraft:feather":8,"minecraft:cooked_beef":35,"minecraft:water_bucket":1,"minecraft:iron_door":2,"minecraft:birch_slab":1,"minecraft:netherite_leggings":5,"minecraft:diamond_helmet":5,"minecraft:glowstone_dust":128,"minecraft:debug_stick":1,"minecraft:dropper":16,"minecraft:ink_sac":10,"minecraft:red_terracotta":2,"minecraft:iron_hoe":2,"minecraft:quartz_bricks":1,"minecraft:polished_andesite":3,"minecraft:lever":32,"minecraft:writable_book":52,"minecraft:blue_ice":1,"minecraft:granite":1,"minecraft:bread":15,"minecraft:golden_horse_armor":3,"minecraft:chainmail_helmet":10,"minecraft:blue_banner":2,"minecraft:crafting_table":6,"minecraft:golden_pickaxe":2,"minecraft:redstone_lamp":18,"minecraft:leather_leggings":3,"minecraft:orange_banner":1,"minecraft:conduit":12,"minecraft:heavy_weighted_pressure_plate":16,"minecraft:iron_shovel":2,"minecraft:glass_pane":128,"minecraft:netherite_sword":16,"minecraft:beef":514,"minecraft:poppy":162,"minecraft:quartz_stairs":129,"minecraft:chest":37,"minecraft:piston":16,"minecraft:egg":10,"minecraft:lime_shulker_box":1,"minecraft:stone":29,"minecraft:oak_door":2,"minecraft:carrot":65,"minecraft:redstone":132,"minecraft:prismarine_crystals":15,"minecraft:diamond_chestplate":2,"minecraft:stone_shovel":2,"minecraft:shears":5,"minecraft:diamond_boots":5,"minecraft:hay_block":138,"minecraft:gold_ingot":64,"minecraft:white_shulker_box":2,"minecraft:glow_berries":7,"minecraft:yellow_shulker_box":1,"minecraft:tripwire_hook":16,"minecraft:filled_map":39,"minecraft:golden_boots":7,"minecraft:paper":118,"minecraft:white_banner":36,"minecraft:spawner":1,"minecraft:stone_bricks":128,"minecraft:apple":508,"minecraft:stone_pickaxe":2,"minecraft:oak_fence_gate":16,"minecraft:glass_bottle":385,"minecraft:iron_sword":18,"minecraft:chain_command_block":1,"minecraft:daylight_detector":16,"minecraft:sweet_berries":8,"minecraft:yellow_concrete":4,"minecraft:birch_stairs":1,"minecraft:spruce_log":61,"minecraft:dragon_egg":9,"minecraft:sea_lantern":1,"minecraft:leather_helmet":5,"minecraft:stone_axe":7,"minecraft:painting":32,"minecraft:diamond_axe":2,"minecraft:oak_button":16,"minecraft:pink_dye":16,"minecraft:hopper":18,"minecraft:redstone_block":1,"minecraft:sentry_armor_trim_smithing_template":2,"minecraft:potion":4,"minecraft:nether_brick":256,"minecraft:lapis_block":1,"minecraft:sticky_piston":17,"minecraft:iron_leggings":7,"minecraft:netherite_ingot":1,"minecraft:experience_bottle":1364,"minecraft:zombie_head":30,"minecraft:oak_sign":32,"minecraft:comparator":18,"minecraft:bucket":1,"minecraft:light_weighted_pressure_plate":16,"minecraft:redstone_torch":66,"minecraft:ender_eye":1,"minecraft:wooden_shovel":2,"minecraft:iron_pickaxe":2,"minecraft:smooth_quartz":1,"minecraft:iron_boots":8,"minecraft:furnace":2,"minecraft:tipped_arrow":242,"minecraft:orange_shulker_box":1,"minecraft:music_disc_pigstep":1,"minecraft:quartz_block":129,"minecraft:rotten_flesh":175,"minecraft:brown_shulker_box":1,"minecraft:cod":411,"minecraft:enchanting_table":2,"minecraft:leather_chestplate":6,"minecraft:repeater":17,"minecraft:golden_leggings":4,"minecraft:chiseled_quartz_block":132,"minecraft:potato":5,"minecraft:magenta_dye":16,"minecraft:acacia_boat":7,"minecraft:wither_skeleton_skull":32,"minecraft:name_tag":144,"minecraft:leather_boots":4,"minecraft:bone":346,"minecraft:acacia_planks":1,"minecraft:bow":6,"minecraft:pink_banner":1,"minecraft:popped_chorus_fruit":1,"minecraft:netherite_axe":1,"minecraft:stone_hoe":2,"minecraft:music_disc_13":3,"minecraft:poisonous_potato":6,"minecraft:oak_pressure_plate":16,"minecraft:black_stained_glass_pane":2,"minecraft:light_blue_shulker_box":1,"minecraft:nether_brick_stairs":1,"minecraft:spectral_arrow":1,"minecraft:jungle_slab":3,"minecraft:diamond":6,"minecraft:spruce_boat":2,"minecraft:netherite_helmet":4,"minecraft:polished_blackstone_button":1,"minecraft:crossbow":6,"minecraft:bone_meal":10,"minecraft:grass":3,"minecraft:golden_apple":21,"minecraft:emerald":385,"minecraft:chorus_fruit":4,"minecraft:nether_star":27,"minecraft:fishing_rod":3,"minecraft:lingering_potion":1,"minecraft:charcoal":13,"minecraft:splash_potion":28,"minecraft:chicken":5,"minecraft:turtle_helmet":5,"minecraft:wooden_pickaxe":2,"minecraft:diamond_horse_armor":3,"minecraft:shield":5,"minecraft:brick":256,"minecraft:oak_trapdoor":33,"minecraft:iron_axe":2,"minecraft:wooden_sword":2,"minecraft:quartz_slab":128,"minecraft:warped_fence":1,"minecraft:oak_boat":5,"minecraft:player_head":3,"minecraft:observer":3,"minecraft:lectern":1,"minecraft:copper_ingot":1,"minecraft:gray_dye":16,"minecraft:quartz_pillar":128,"minecraft:stone_button":17,"minecraft:cookie":15,"minecraft:music_disc_11":5,"minecraft:trident":1,"minecraft:iron_horse_armor":3,"minecraft:stone_pressure_plate":16,"minecraft:arrow":974,"minecraft:jungle_stairs":2,"minecraft:golden_hoe":2,"minecraft:saddle":1,"minecraft:glistering_melon_slice":1,"minecraft:skeleton_skull":11,"minecraft:netherite_boots":5,"minecraft:purple_dye":16,"minecraft:jungle_boat":8,"minecraft:golden_carrot":5,"minecraft:carrot_on_a_stick":1,"minecraft:chainmail_chestplate":8,"minecraft:gunpowder":19,"minecraft:wooden_hoe":2,"minecraft:cooked_mutton":6,"minecraft:heart_of_the_sea":5,"minecraft:iron_ingot":444,"minecraft:music_disc_chirp":1,"minecraft:book":127,"minecraft:sculk_catalyst":1,"minecraft:birch_boat":9,"minecraft:dandelion":64,"minecraft:raw_iron_block":18,"minecraft:lava_bucket":6,"minecraft:red_banner":4,"minecraft:blast_furnace":2,"minecraft:white_bed":2,"minecraft:green_carpet":1,"minecraft:spider_eye":2,"minecraft:lime_dye":16,"minecraft:chainmail_leggings":7,"minecraft:iron_helmet":7,"minecraft:coal":7740}},"DataVersion":3465}